{"cameraMode":{"drawMode":0,"name":"Shaded","section":"Shading Mode"},"sceneLighting":false,"audioPlay":false,"sceneViewState":{"m_AlwaysRefresh":false,"showFog":true,"showSkybox":true,"showFlares":true,"showImageEffects":true,"showParticleSystems":true,"showVisualEffectGraphs":true,"m_FxEnabled":true},"in2DMode":false,"pivot":{"x":-43.092811584472659,"y":-0.7397866249084473,"z":-0.5328170657157898},"rotation":{"x":-0.003865620121359825,"y":0.9946203231811523,"z":-0.09759311378002167,"w":-0.03913043439388275},"size":4.650522232055664,"orthographic":false}