{"cameraMode":{"drawMode":0,"name":"Shaded","section":"Shading Mode"},"sceneLighting":false,"audioPlay":false,"sceneViewState":{"m_AlwaysRefresh":false,"showFog":true,"showSkybox":true,"showFlares":true,"showImageEffects":true,"showParticleSystems":true,"showVisualEffectGraphs":true,"m_FxEnabled":true},"in2DMode":false,"pivot":{"x":355.470947265625,"y":435.91412353515627,"z":8.351531982421875},"rotation":{"x":0.0961669310927391,"y":0.012560668401420117,"z":-0.0012845797464251519,"w":0.9954456686973572},"size":561.611083984375,"orthographic":false}